sample	target	position	ref	alt	supporting_reads	total_reads	vaf
DTB-098-Pro2-T-RNA_R1	AR_V7_exon3_CE3_junction	8	A	T	10	68	0.1471
DTB-098-Pro2-T-RNA_R1	AR_V7_exon3_CE3_junction	19	A	C	12	68	0.1765
DTB-098-Pro2-T-RNA_R1	AR_V7_exon3_CE3_junction	22	A	G	14	68	0.2059
DTB-098-Pro2-T-RNA_R1	AR_V7_exon3_CE3_junction	23	T	A	12	68	0.1765
DTB-098-Pro2-T-RNA_R1	AR_V7_exon3_CE3_junction	26	T	G	12	68	0.1765
DTB-098-Pro2-T-RNA_R1	AR_V7_exon3_CE3_junction	27	C	A	11	68	0.1618
DTB-098-Pro2-T-RNA_R1	AR_V7_exon3_CE3_junction	30	T	A	11	68	0.1618
DTB-098-Pro2-T-RNA_R1	AR_V7_exon3_CE3_junction	31	C	T	12	68	0.1765
DTB-098-Pro2-T-RNA_R1	AR_V7_exon3_CE3_junction	34	G	T	13	68	0.1912
DTB-098-Pro2-T-RNA_R1	AR_V7_exon3_CE3_junction	80	A	C	12	68	0.1765
DTB-098-Pro2-T-RNA_R1	AR_V7_exon3_CE3_junction	88	T	C	12	68	0.1765
DTB-098-Pro2-T-RNA_R1	AR_T878A_region	60	A	T	184	1752	0.1050
DTB-098-Pro2-T-RNA_R1	AR_T878A_region	63	G	A	203	1752	0.1159
DTB-098-Pro2-T-RNA_R1	AR_T878A_region	67	C	A	204	1752	0.1164
DTB-098-Pro2-T-RNA_R1	AR_T878A_region	68	A	T	286	1752	0.1632
DTB-098-Pro2-T-RNA_R1	AR_T878A_region	69	T	G	198	1752	0.1130
DTB-098-Pro2-T-RNA_R1	AR_T878A_region	70	C	T	193	1752	0.1102
DTB-098-Pro2-T-RNA_R1	AR_T878A_region	73	T	C	186	1752	0.1062
DTB-098-Pro2-T-RNA_R1	AR_T878A_region	74	T	G	178	1752	0.1016
DTB-098-Pro2-T-RNA_R1	AR_T878A_region	76	A	T	201	1752	0.1147
DTB-098-Pro2-T-RNA_R1	AR_T878A_region	79	T	C	218	1752	0.1244
DTB-098-Pro2-T-RNA_R1	AR_T878A_region	80	T	A	190	1752	0.1084
DTB-098-Pro2-T-RNA_R1	AR_T878A_region	82	G	A	191	1752	0.1090
DTB-098-Pro2-T-RNA_R1	AR_T878A_region	84	C	T	243	1752	0.1387
DTB-098-Pro2-T-RNA_R1	AR_T878A_region	85	C	A	211	1752	0.1204
DTB-098-Pro2-T-RNA_R1	AR_T878A_region	86	T	G	267	1752	0.1524
DTB-098-Pro2-T-RNA_R1	AR_T878A_region	90	A	C	194	1752	0.1107
DTB-098-Pro2-T-RNA_R1	AR_T878A_region	92	T	C	263	1752	0.1501
DTB-098-Pro2-T-RNA_R1	AR_T878A_region	93	C	G	312	1752	0.1781
DTB-098-Pro2-T-RNA_R1	AR_T878A_region	94	A	G	338	1752	0.1929
DTB-098-Pro2-T-RNA_R1	AR_T878A_region	103	A	T	368	1752	0.2100
DTB-098-Pro2-T-RNA_R1	AR_T878A_region	110	G	T	243	1752	0.1387
DTB-098-Pro2-T-RNA_R1	AR_T878A_region	112	G	T	208	1752	0.1187
DTB-098-Pro2-T-RNA_R1	AR_T878A_region	114	G	A	286	1752	0.1632
DTB-098-Pro2-T-RNA_R1	AR_T878A_region	114	G	T	180	1752	0.1027
DTB-098-Pro2-T-RNA_R1	AR_T878A_region	120	T	G	324	1752	0.1849
DTB-098-Pro2-T-RNA_R1	AR_T878A_region	122	C	T	226	1752	0.1290
DTB-098-Pro2-T-RNA_R1	AR_T878A_region	123	G	A	317	1752	0.1809
DTB-098-Pro2-T-RNA_R1	AR_T878A_region	126	A	G	193	1752	0.1102
DTB-098-Pro2-T-RNA_R1	AR_T878A_region	128	T	G	189	1752	0.1079
DTB-098-Pro2-T-RNA_R1	AR_T878A_region	132	G	C	273	1752	0.1558
DTB-098-Pro2-T-RNA_R1	AR_T878A_region	133	G	T	272	1752	0.1553
DTB-098-Pro2-T-RNA_R1	AR_T878A_region	135	A	T	273	1752	0.1558
DTB-098-Pro2-T-RNA_R1	AR_T878A_region	137	A	C	249	1752	0.1421
DTB-098-Pro2-T-RNA_R1	AR_T878A_region	138	G	C	187	1752	0.1067
DTB-098-Pro2-T-RNA_R1	AR_T878A_region	144	C	T	239	1752	0.1364
DTB-098-Pro2-T-RNA_R1	AR_L702H_region	19	C	A	46	438	0.1050
DTB-098-Pro2-T-RNA_R1	AR_L702H_region	26	T	A	46	438	0.1050
DTB-098-Pro2-T-RNA_R1	AR_L702H_region	33	T	G	46	438	0.1050
DTB-098-Pro2-T-RNA_R1	AR_L702H_region	38	G	C	48	438	0.1096
DTB-098-Pro2-T-RNA_R1	AR_L702H_region	39	A	C	45	438	0.1027
DTB-098-Pro2-T-RNA_R1	AR_L702H_region	49	A	C	44	438	0.1005
DTB-098-Pro2-T-RNA_R1	AR_L702H_region	73	T	A	46	438	0.1050
DTB-098-Pro2-T-RNA_R1	AR_L702H_region	87	C	G	57	438	0.1301
DTB-098-Pro2-T-RNA_R1	AR_L702H_region	102	G	C	63	438	0.1438
DTB-098-Pro2-T-RNA_R1	AR_L702H_region	107	A	C	44	438	0.1005
DTB-098-Pro2-T-RNA_R1	AR_L702H_region	118	G	T	45	438	0.1027
DTB-098-Pro2-T-RNA_R1	AR_L702H_region	127	T	C	45	438	0.1027
DTB-098-Pro2-T-RNA_R1	AR_L702H_region	131	C	G	49	438	0.1119
DTB-098-Pro2-T-RNA_R1	AR_W742C_region	30	C	G	98	846	0.1158
DTB-098-Pro2-T-RNA_R1	AR_W742C_region	41	A	T	114	846	0.1348
DTB-098-Pro2-T-RNA_R1	AR_W742C_region	43	G	A	109	846	0.1288
DTB-098-Pro2-T-RNA_R1	AR_W742C_region	45	G	T	165	846	0.1950
DTB-098-Pro2-T-RNA_R1	AR_W742C_region	48	C	A	184	846	0.2175
DTB-098-Pro2-T-RNA_R1	AR_W742C_region	49	G	A	142	846	0.1678
DTB-098-Pro2-T-RNA_R1	AR_W742C_region	51	C	G	87	846	0.1028
DTB-098-Pro2-T-RNA_R1	AR_W742C_region	59	C	G	100	846	0.1182
DTB-098-Pro2-T-RNA_R1	AR_W742C_region	60	T	C	107	846	0.1265
DTB-098-Pro2-T-RNA_R1	AR_W742C_region	61	G	T	96	846	0.1135
DTB-098-Pro2-T-RNA_R1	AR_W742C_region	62	T	A	110	846	0.1300
DTB-098-Pro2-T-RNA_R1	AR_W742C_region	63	C	A	109	846	0.1288
DTB-098-Pro2-T-RNA_R1	AR_W742C_region	64	A	G	114	846	0.1348
DTB-098-Pro2-T-RNA_R1	AR_W742C_region	66	T	G	107	846	0.1265
DTB-098-Pro2-T-RNA_R1	AR_W742C_region	66	T	A	98	846	0.1158
DTB-098-Pro2-T-RNA_R1	AR_W742C_region	67	C	G	104	846	0.1229
DTB-098-Pro2-T-RNA_R1	AR_W742C_region	70	T	A	128	846	0.1513
DTB-098-Pro2-T-RNA_R1	AR_W742C_region	70	T	C	105	846	0.1241
DTB-098-Pro2-T-RNA_R1	AR_W742C_region	72	C	T	89	846	0.1052
DTB-098-Pro2-T-RNA_R1	AR_W742C_region	82	G	T	100	846	0.1182
DTB-098-Pro2-T-RNA_R1	AR_W742C_region	83	G	T	172	846	0.2033
DTB-098-Pro2-T-RNA_R1	AR_W742C_region	85	C	A	168	846	0.1986
DTB-098-Pro2-T-RNA_R1	AR_W742C_region	86	T	C	106	846	0.1253
DTB-098-Pro2-T-RNA_R1	AR_W742C_region	87	C	A	102	846	0.1206
DTB-098-Pro2-T-RNA_R1	AR_W742C_region	88	A	T	176	846	0.2080
DTB-098-Pro2-T-RNA_R1	AR_W742C_region	92	T	A	89	846	0.1052
DTB-098-Pro2-T-RNA_R1	AR_W742C_region	94	T	A	120	846	0.1418
DTB-098-Pro2-T-RNA_R1	AR_W742C_region	95	T	A	89	846	0.1052
DTB-098-Pro2-T-RNA_R1	AR_W742C_region	102	G	C	110	846	0.1300
DTB-098-Pro2-T-RNA_R1	AR_W742C_region	103	G	C	90	846	0.1064
DTB-098-Pro2-T-RNA_R1	AR_W742C_region	104	G	C	103	846	0.1217
DTB-098-Pro2-T-RNA_R1	AR_W742C_region	114	C	A	105	846	0.1241
DTB-098-Pro2-T-RNA_R1	AR_W742C_region	115	T	A	87	846	0.1028
DTB-098-Pro2-T-RNA_R1	AR_W742C_region	116	T	A	95	846	0.1123
DTB-098-Pro2-T-RNA_R1	AR_W742C_region	125	T	C	88	846	0.1040
DTB-098-Pro2-T-RNA_R1	AR_H875Y_region	63	T	C	189	1776	0.1064
DTB-098-Pro2-T-RNA_R1	AR_H875Y_region	66	G	A	216	1776	0.1216
DTB-098-Pro2-T-RNA_R1	AR_H875Y_region	69	A	T	226	1776	0.1273
DTB-098-Pro2-T-RNA_R1	AR_H875Y_region	72	G	A	230	1776	0.1295
DTB-098-Pro2-T-RNA_R1	AR_H875Y_region	76	C	A	217	1776	0.1222
DTB-098-Pro2-T-RNA_R1	AR_H875Y_region	77	A	T	325	1776	0.1830
DTB-098-Pro2-T-RNA_R1	AR_H875Y_region	78	T	G	230	1776	0.1295
DTB-098-Pro2-T-RNA_R1	AR_H875Y_region	79	C	T	207	1776	0.1166
DTB-098-Pro2-T-RNA_R1	AR_H875Y_region	82	T	C	195	1776	0.1098
DTB-098-Pro2-T-RNA_R1	AR_H875Y_region	83	T	G	185	1776	0.1042
DTB-098-Pro2-T-RNA_R1	AR_H875Y_region	85	A	T	209	1776	0.1177
DTB-098-Pro2-T-RNA_R1	AR_H875Y_region	87	T	A	203	1776	0.1143
DTB-098-Pro2-T-RNA_R1	AR_H875Y_region	88	T	C	219	1776	0.1233
DTB-098-Pro2-T-RNA_R1	AR_H875Y_region	88	T	A	185	1776	0.1042
DTB-098-Pro2-T-RNA_R1	AR_H875Y_region	89	T	G	179	1776	0.1008
DTB-098-Pro2-T-RNA_R1	AR_H875Y_region	89	T	A	272	1776	0.1532
DTB-098-Pro2-T-RNA_R1	AR_H875Y_region	91	G	A	197	1776	0.1109
DTB-098-Pro2-T-RNA_R1	AR_H875Y_region	93	C	T	349	1776	0.1965
DTB-098-Pro2-T-RNA_R1	AR_H875Y_region	94	C	A	202	1776	0.1137
DTB-098-Pro2-T-RNA_R1	AR_H875Y_region	95	T	G	299	1776	0.1684
DTB-098-Pro2-T-RNA_R1	AR_H875Y_region	99	A	G	251	1776	0.1413
DTB-098-Pro2-T-RNA_R1	AR_H875Y_region	99	A	C	194	1776	0.1092
DTB-098-Pro2-T-RNA_R1	AR_H875Y_region	101	T	G	183	1776	0.1030
DTB-098-Pro2-T-RNA_R1	AR_H875Y_region	101	T	C	255	1776	0.1436
DTB-098-Pro2-T-RNA_R1	AR_H875Y_region	102	C	G	313	1776	0.1762
DTB-098-Pro2-T-RNA_R1	AR_H875Y_region	103	A	G	308	1776	0.1734
DTB-098-Pro2-T-RNA_R1	AR_H875Y_region	111	C	G	223	1776	0.1256
DTB-098-Pro2-T-RNA_R1	AR_H875Y_region	112	A	T	324	1776	0.1824
DTB-098-Pro2-T-RNA_R1	AR_H875Y_region	115	G	A	291	1776	0.1639
DTB-098-Pro2-T-RNA_R1	AR_H875Y_region	119	G	T	280	1776	0.1577
DTB-098-Pro2-T-RNA_R1	AR_H875Y_region	121	G	T	230	1776	0.1295
DTB-098-Pro2-T-RNA_R1	AR_H875Y_region	122	T	C	207	1776	0.1166
DTB-098-Pro2-T-RNA_R1	AR_H875Y_region	123	G	T	372	1776	0.2095
DTB-098-Pro2-T-RNA_R1	AR_H875Y_region	123	G	A	287	1776	0.1616
DTB-098-Pro2-T-RNA_R1	AR_H875Y_region	125	A	C	233	1776	0.1312
DTB-098-Pro2-T-RNA_R1	AR_H875Y_region	129	T	G	214	1776	0.1205
DTB-098-Pro2-T-RNA_R1	AR_H875Y_region	131	C	A	224	1776	0.1261
