sample	target_id	variant_type	position	ref	alt	supporting_reads	total_reads	frequency
TCGA-EJ-A46E-01A-31R-A250-07_R1	AR_V7_exon3_CE3_junction variant_type=SPLICE_JUNCTION source=NM_000044.6+FJ235916 note=exon3_last75nt+CE3_first75nt	PRESENCE	.	.	.	52	52	1.0000
TCGA-EJ-A46E-01A-31R-A250-07_R1	AR_CE3_full variant_type=SPLICE_JUNCTION source=FJ235916 note=full_CE3_160bp_unique_to_AR-V7	PRESENCE	.	.	.	18	18	1.0000
TCGA-EJ-A46E-01A-31R-A250-07_R1	AR_T878A_region variant_type=SNP source=NM_000044.6 note=153bp_codon878_offset75_ref=ACT(T)_alt=GCT(A)	SNP	86	T	G	10	80	0.1250
TCGA-EJ-A46E-01A-31R-A250-07_R1	AR_T878A_region variant_type=SNP source=NM_000044.6 note=153bp_codon878_offset75_ref=ACT(T)_alt=GCT(A)	INDEL	112	G	-	10	80	0.1250
TCGA-EJ-A46E-01A-31R-A250-07_R1	AR_T878A_region variant_type=SNP source=NM_000044.6 note=153bp_codon878_offset75_ref=ACT(T)_alt=GCT(A)	INDEL	116	A	-	11	80	0.1375
TCGA-EJ-A46E-01A-31R-A250-07_R1	AR_T878A_region variant_type=SNP source=NM_000044.6 note=153bp_codon878_offset75_ref=ACT(T)_alt=GCT(A)	INDEL	117	C	-	12	80	0.1500
TCGA-EJ-A46E-01A-31R-A250-07_R1	AR_T878A_region variant_type=SNP source=NM_000044.6 note=153bp_codon878_offset75_ref=ACT(T)_alt=GCT(A)	SNP	119	T	G	12	80	0.1500
TCGA-EJ-A46E-01A-31R-A250-07_R1	AR_T878A_region variant_type=SNP source=NM_000044.6 note=153bp_codon878_offset75_ref=ACT(T)_alt=GCT(A)	SNP	121	C	G	12	80	0.1500
TCGA-EJ-A46E-01A-31R-A250-07_R1	AR_L702H_region variant_type=SNP source=NM_000044.6 note=153bp_codon702_offset75_ref=CTC(L)_alt=CAC(H)	SNP	36	T	A	11	90	0.1222
TCGA-EJ-A46E-01A-31R-A250-07_R1	AR_L702H_region variant_type=SNP source=NM_000044.6 note=153bp_codon702_offset75_ref=CTC(L)_alt=CAC(H)	SNP	127	T	C	11	90	0.1222
TCGA-EJ-A46E-01A-31R-A250-07_R1	AR_L702H_region variant_type=SNP source=NM_000044.6 note=153bp_codon702_offset75_ref=CTC(L)_alt=CAC(H)	SNP	128	G	C	10	90	0.1111
TCGA-EJ-A46E-01A-31R-A250-07_R1	AR_L702H_region variant_type=SNP source=NM_000044.6 note=153bp_codon702_offset75_ref=CTC(L)_alt=CAC(H)	SNP	129	G	A	10	90	0.1111
TCGA-EJ-A46E-01A-31R-A250-07_R1	AR_W742C_region variant_type=SNP source=NM_000044.6 note=153bp_codon742_offset75_ref=TGG(W)_alt=TGT(C)	SNP	11	C	G	12	86	0.1395
TCGA-EJ-A46E-01A-31R-A250-07_R1	AR_W742C_region variant_type=SNP source=NM_000044.6 note=153bp_codon742_offset75_ref=TGG(W)_alt=TGT(C)	SNP	66	T	G	10	86	0.1163
TCGA-EJ-A46E-01A-31R-A250-07_R1	AR_W742C_region variant_type=SNP source=NM_000044.6 note=153bp_codon742_offset75_ref=TGG(W)_alt=TGT(C)	SNP	83	G	A	11	86	0.1279
TCGA-EJ-A46E-01A-31R-A250-07_R1	AR_H875Y_region variant_type=SNP source=NM_000044.6 note=153bp_codon875_offset75_ref=CAT(H)_alt=TAT(Y)	INDEL	42	C	-	11	84	0.1310
TCGA-EJ-A46E-01A-31R-A250-07_R1	AR_H875Y_region variant_type=SNP source=NM_000044.6 note=153bp_codon875_offset75_ref=CAT(H)_alt=TAT(Y)	SNP	52	G	A	10	84	0.1190
TCGA-EJ-A46E-01A-31R-A250-07_R1	AR_H875Y_region variant_type=SNP source=NM_000044.6 note=153bp_codon875_offset75_ref=CAT(H)_alt=TAT(Y)	SNP	89	T	A	11	84	0.1310
TCGA-EJ-A46E-01A-31R-A250-07_R1	AR_H875Y_region variant_type=SNP source=NM_000044.6 note=153bp_codon875_offset75_ref=CAT(H)_alt=TAT(Y)	SNP	93	C	A	10	84	0.1190
TCGA-EJ-A46E-01A-31R-A250-07_R1	AR_H875Y_region variant_type=SNP source=NM_000044.6 note=153bp_codon875_offset75_ref=CAT(H)_alt=TAT(Y)	SNP	95	T	G	10	84	0.1190
TCGA-EJ-A46E-01A-31R-A250-07_R1	AR_H875Y_region variant_type=SNP source=NM_000044.6 note=153bp_codon875_offset75_ref=CAT(H)_alt=TAT(Y)	SNP	117	G	T	10	84	0.1190
TCGA-EJ-A46E-01A-31R-A250-07_R1	AR_H875Y_region variant_type=SNP source=NM_000044.6 note=153bp_codon875_offset75_ref=CAT(H)_alt=TAT(Y)	INDEL	121	G	-	10	84	0.1190
TCGA-EJ-A46E-01A-31R-A250-07_R1	AR_H875Y_region variant_type=SNP source=NM_000044.6 note=153bp_codon875_offset75_ref=CAT(H)_alt=TAT(Y)	INDEL	125	A	-	11	84	0.1310
TCGA-EJ-A46E-01A-31R-A250-07_R1	AR_H875Y_region variant_type=SNP source=NM_000044.6 note=153bp_codon875_offset75_ref=CAT(H)_alt=TAT(Y)	INDEL	126	C	-	12	84	0.1429
TCGA-EJ-A46E-01A-31R-A250-07_R1	AR_H875Y_region variant_type=SNP source=NM_000044.6 note=153bp_codon875_offset75_ref=CAT(H)_alt=TAT(Y)	SNP	128	T	G	12	84	0.1429
TCGA-EJ-A46E-01A-31R-A250-07_R1	AR_H875Y_region variant_type=SNP source=NM_000044.6 note=153bp_codon875_offset75_ref=CAT(H)_alt=TAT(Y)	SNP	130	C	G	13	84	0.1548
