Sample_Name,Dataset,AR_Mutation,AR_Amplification,GDC_Download_UUID,Sample_UUID
DTB-187-BL,WCDT-MCRPC,p.T878A,Unknown,78de0835-6c6f-44fc-9170-28e381166b19,9cd093c0-6bf0-43ac-a5c1-0024dfdf7e69
DTB-104-BL,WCDT-MCRPC,p.T878A,Unknown,0db9fe03-c3a5-4c67-b8c9-c9bc9a3e4132,1e14f7ca-a47d-442a-8d35-9ae77855ca34
DTB-034-BL,WCDT-MCRPC,p.L702H,Unknown,136c04b3-dabb-4480-bab0-16521328a616,3858e68b-a356-4aa5-a9c7-df9418d6c514
DTB-234-BL,WCDT-MCRPC,p.L702H,Unknown,9fbb85f8-af28-4086-9d2c-c433edbdcd50,9fd1274a-3f7f-4693-be28-c5e504ca48ab
DTB-213-BL,WCDT-MCRPC,p.L702H,Unknown,d1864133-f81c-4383-9ad3-4b545026ca11,4e025879-c8f9-4410-8fcc-9bd5aeda5244
DTB-097-PRO,WCDT-MCRPC,WT,Unknown,8081ae96-a2aa-4097-8716-5e96b4246bd7,6e917d3f-23f3-47ae-b527-74a9c5884a26
DTB-183-BL,WCDT-MCRPC,WT,Unknown,354fd5d0-3079-4052-b7d2-292b808517a2,c4e25cd2-e110-4945-90e2-5beeda0e2438
DTB-094-BL,WCDT-MCRPC,WT,Unknown,66504719-b608-4399-ad60-043ac89a4be6,4dad75f3-0592-4cae-b48d-9d5a5d2ec085
DTB-098-PRO2,WCDT-MCRPC,WT,Unknown,8b0be3c2-cf54-4c97-ba74-e1a6e8374607,d6361106-a7ee-4685-b916-e76521793dbf
DTB-141-BL,WCDT-MCRPC,WT,Unknown,de6fa2a0-cb75-4559-aaeb-f07974731568,1e843dfd-5159-47fb-8e55-832b5a5580e8
TCGA-FC-A8O0-01A,TCGA-PRAD,p.A597T,Neutral/Loss,8b522062-7dc5-4e57-83c0-10007bb55c9a,60ef5dd7-e7ac-4ebd-a46b-04a021db16b8
TCGA-HC-A8CY-01A,TCGA-PRAD,p.Q58L,Neutral/Loss,d9cf4267-ce86-4175-a1c0-f60f85a4a029,f3919f4c-e401-4ec4-96c5-a85bf0c398f8
TCGA-VP-A875-01A,TCGA-PRAD,p.R608Q,Neutral/Loss,53eacf69-b50d-4050-af83-d4a9aa5605df,1cb8eee3-ebbe-4b8e-8452-c6364b6fdc78
TCGA-HC-A632-01A,TCGA-PRAD,WT,Neutral/Loss,b57c6e3d-3c11-42ef-99ee-d463d495a9ab,95e3e4d5-393d-418c-a3a9-2ec8d0ad14b3
TCGA-EJ-A46E-01A,TCGA-PRAD,WT,Neutral/Loss,8a68d8b5-a07d-46f4-be94-aa9bf4f2c509,ecd3d671-e830-44af-8518-9d06ed15d04b
TCGA-KK-A8IF-01A,TCGA-PRAD,WT,Neutral/Loss,e79862e3-cb96-4ecb-98c8-c5258992c7ec,41e46bcf-b8fd-46ca-960e-f80e8f75ea42
TCGA-VN-A88K-01A,TCGA-PRAD,WT,Neutral/Loss,e971b82b-4a7b-4fc1-bfe1-2f5b72897fec,10734690-4930-4c58-a307-70eb4623e545
TCGA-KK-A7AZ-01A,TCGA-PRAD,WT,Neutral/Loss,8bc116f3-5554-4b10-8722-9f78ae78184a,cb9b0a6a-d09b-4ee9-b30e-e4da3b6ac0af
TCGA-EJ-7314-01A,TCGA-PRAD,WT,Neutral/Loss,326de35c-3b96-43fc-8268-cb68a9f9540f,89fb9220-8f32-4030-91ee-b02264995f6d
TCGA-G9-A9S0-01A,TCGA-PRAD,WT,Neutral/Loss,568db38f-d1d3-4d4b-b171-3590deddf6f0,ea9ee289-5cd5-4e0f-b0b5-b359d19c0df7